Question#,VendorResponse,VendorComment,VendorExtComment,PrimaryCategory,SecondaryCategory,TeritaryCategory,QuestionnairePhase,Score,DCEOverrideAnswer,DCEOverrideRescore,DCEOverrideComment,DCEOverrideFlag,QuestionnaireGUID,AssessmentGUID,MaxQuestions,DocEngVersion
1,No,Originally a research facility for Antarctic science,,2,,,2,0,,0,,0,0A670FF5-61A1-4692-A985-B0300FF9FDF1,97B3FED7-90F7-4C4D-9693-CA48A459D23D,444,2.32
2,Dedicated,,,2,,,2,1,,0,,0,0A670FF5-61A1-4692-A985-B0300FF9FDF1,97B3FED7-90F7-4C4D-9693-CA48A459D23D,444,2.32
3,Comment Only,"On a small metro area of McMurdo Station, Antarctica",,2,,,2,0,NA,,,0,0A670FF5-61A1-4692-A985-B0300FF9FDF1,97B3FED7-90F7-4C4D-9693-CA48A459D23D,444,2.32
4,1,,,2,,,2,0,NA,,,0,0A670FF5-61A1-4692-A985-B0300FF9FDF1,97B3FED7-90F7-4C4D-9693-CA48A459D23D,444,2.32
5,1909,,,2,91,,3,0,NA,,,0,0A670FF5-61A1-4692-A985-B0300FF9FDF1,97B3FED7-90F7-4C4D-9693-CA48A459D23D,444,2.32
6,Comment Only,Sticks,,2,91,,3,0,NA,,,0,0A670FF5-61A1-4692-A985-B0300FF9FDF1,97B3FED7-90F7-4C4D-9693-CA48A459D23D,444,2.32
7,Comment Only,Rat Experiments in Cold,,2,91,,3,0,NA,,,0,0A670FF5-61A1-4692-A985-B0300FF9FDF1,97B3FED7-90F7-4C4D-9693-CA48A459D23D,444,2.32
8,Comment Only,Highly mitigated via shaker platforms,,2,91,,3,0,NA,,,0,0A670FF5-61A1-4692-A985-B0300FF9FDF1,97B3FED7-90F7-4C4D-9693-CA48A459D23D,444,2.32
9,Comment Only,Ball Bearing load shifting,,2,91,,3,0,NA,,,0,0A670FF5-61A1-4692-A985-B0300FF9FDF1,97B3FED7-90F7-4C4D-9693-CA48A459D23D,444,2.32
10,Yes,,,2,91,,2,1,,0,,0,0A670FF5-61A1-4692-A985-B0300FF9FDF1,97B3FED7-90F7-4C4D-9693-CA48A459D23D,444,2.32
11,Comment Only,US Army Corp of Engineers,,2,91,,3,0,NA,,,0,0A670FF5-61A1-4692-A985-B0300FF9FDF1,97B3FED7-90F7-4C4D-9693-CA48A459D23D,444,2.32
12,No,,,2,91,,3,0,,0,,0,0A670FF5-61A1-4692-A985-B0300FF9FDF1,97B3FED7-90F7-4C4D-9693-CA48A459D23D,444,2.32
13,Yes,,,2,91,,2,0,,0,,0,0A670FF5-61A1-4692-A985-B0300FF9FDF1,97B3FED7-90F7-4C4D-9693-CA48A459D23D,444,2.32
14,Comment Only,Electrcial and Mechanical infrastructure is shared across McMurdo Station,,2,91,,2,0,NA,,,0,0A670FF5-61A1-4692-A985-B0300FF9FDF1,97B3FED7-90F7-4C4D-9693-CA48A459D23D,444,2.32
15,Comment Only,All equipment on Sibgl,,2,,,3,0,NA,,,0,0A670FF5-61A1-4692-A985-B0300FF9FDF1,97B3FED7-90F7-4C4D-9693-CA48A459D23D,444,2.32
16,1,,,2,,,2,0,NA,,,0,0A670FF5-61A1-4692-A985-B0300FF9FDF1,97B3FED7-90F7-4C4D-9693-CA48A459D23D,444,2.32
17,Comment Only,First Floor,,2,,,2,0,NA,,,0,0A670FF5-61A1-4692-A985-B0300FF9FDF1,97B3FED7-90F7-4C4D-9693-CA48A459D23D,444,2.32
18,1200,,,2,,,1,0,NA,,,0,0A670FF5-61A1-4692-A985-B0300FF9FDF1,97B3FED7-90F7-4C4D-9693-CA48A459D23D,444,2.32
19,892,,,2,,,1,0,NA,,,0,0A670FF5-61A1-4692-A985-B0300FF9FDF1,97B3FED7-90F7-4C4D-9693-CA48A459D23D,444,2.32
20,Comment Only,All Equipment of single Floor,,2,,,3,0,NA,,,0,0A670FF5-61A1-4692-A985-B0300FF9FDF1,97B3FED7-90F7-4C4D-9693-CA48A459D23D,444,2.32
21,2,,,2,,,2,0,NA,,,0,0A670FF5-61A1-4692-A985-B0300FF9FDF1,97B3FED7-90F7-4C4D-9693-CA48A459D23D,444,2.32
22,412,,,2,,,2,0,NA,,,0,0A670FF5-61A1-4692-A985-B0300FF9FDF1,97B3FED7-90F7-4C4D-9693-CA48A459D23D,444,2.32
23,No,,,2,,,2,0,,0,,0,0A670FF5-61A1-4692-A985-B0300FF9FDF1,97B3FED7-90F7-4C4D-9693-CA48A459D23D,444,2.32
24,,,,2,,,2,0,NA,,,0,0A670FF5-61A1-4692-A985-B0300FF9FDF1,97B3FED7-90F7-4C4D-9693-CA48A459D23D,444,2.32
25,3,,,2,,,3,0,NA,,,0,0A670FF5-61A1-4692-A985-B0300FF9FDF1,97B3FED7-90F7-4C4D-9693-CA48A459D23D,444,2.32
26,Comment Only,,,2,,,2,0,NA,,,0,0A670FF5-61A1-4692-A985-B0300FF9FDF1,97B3FED7-90F7-4C4D-9693-CA48A459D23D,444,2.32
27,Comment Only,"2.32 M Wide, 4 Meters tall",,2,,,2,0,NA,,,0,0A670FF5-61A1-4692-A985-B0300FF9FDF1,97B3FED7-90F7-4C4D-9693-CA48A459D23D,444,2.32
28,4535.924,,,2,,,2,0,NA,,,0,0A670FF5-61A1-4692-A985-B0300FF9FDF1,97B3FED7-90F7-4C4D-9693-CA48A459D23D,444,2.32
29,Comment Only,"24"" W  X 96"" H X  52"" D, 1960 Pounds",,2,,,1,0,NA,,,0,0A670FF5-61A1-4692-A985-B0300FF9FDF1,97B3FED7-90F7-4C4D-9693-CA48A459D23D,444,2.32
30,2.413,,,2,92,,1,0,NA,,,0,0A670FF5-61A1-4692-A985-B0300FF9FDF1,97B3FED7-90F7-4C4D-9693-CA48A459D23D,444,2.32
31,0.609,,,2,92,,1,0,NA,,,0,0A670FF5-61A1-4692-A985-B0300FF9FDF1,97B3FED7-90F7-4C4D-9693-CA48A459D23D,444,2.32
32,889.041,,,2,92,,1,0,NA,,,0,0A670FF5-61A1-4692-A985-B0300FF9FDF1,97B3FED7-90F7-4C4D-9693-CA48A459D23D,444,2.32
33,1.32,,,2,92,,1,0,NA,,,0,0A670FF5-61A1-4692-A985-B0300FF9FDF1,97B3FED7-90F7-4C4D-9693-CA48A459D23D,444,2.32
34,No,,,2,,,2,1,,0,,0,0A670FF5-61A1-4692-A985-B0300FF9FDF1,97B3FED7-90F7-4C4D-9693-CA48A459D23D,444,2.32
35,Comment Only,Not Applicable,,2,,,2,0,NA,,,0,0A670FF5-61A1-4692-A985-B0300FF9FDF1,97B3FED7-90F7-4C4D-9693-CA48A459D23D,444,2.32
36,4.2,In the Main hallway,,2,,,2,3,,0,,0,0A670FF5-61A1-4692-A985-B0300FF9FDF1,97B3FED7-90F7-4C4D-9693-CA48A459D23D,444,2.32
37,2.5,Main data hall doors,,2,,,2,2,,0,,0,0A670FF5-61A1-4692-A985-B0300FF9FDF1,97B3FED7-90F7-4C4D-9693-CA48A459D23D,444,2.32
38,914.4,,,2,,,1,2,,0,,0,0A670FF5-61A1-4692-A985-B0300FF9FDF1,97B3FED7-90F7-4C4D-9693-CA48A459D23D,444,2.32
39,6.2,,,2,,,1,3,,0,,0,0A670FF5-61A1-4692-A985-B0300FF9FDF1,97B3FED7-90F7-4C4D-9693-CA48A459D23D,444,2.32
40,2.6,,,2,,,1,0,NA,,,0,0A670FF5-61A1-4692-A985-B0300FF9FDF1,97B3FED7-90F7-4C4D-9693-CA48A459D23D,444,2.32
41,8.1,,,2,,,1,0,NA,,,0,0A670FF5-61A1-4692-A985-B0300FF9FDF1,97B3FED7-90F7-4C4D-9693-CA48A459D23D,444,2.32
42,1000,,,2,92,,1,1,,0,,0,0A670FF5-61A1-4692-A985-B0300FF9FDF1,97B3FED7-90F7-4C4D-9693-CA48A459D23D,444,2.32
43,1200,,,2,,,1,0,NA,,,0,0A670FF5-61A1-4692-A985-B0300FF9FDF1,97B3FED7-90F7-4C4D-9693-CA48A459D23D,444,2.32
44,Not Used,Not Used,,2,,,1,0,NA,,,0,0A670FF5-61A1-4692-A985-B0300FF9FDF1,97B3FED7-90F7-4C4D-9693-CA48A459D23D,444,2.32
45,Yes,,,2,,,2,0,,0,,0,0A670FF5-61A1-4692-A985-B0300FF9FDF1,97B3FED7-90F7-4C4D-9693-CA48A459D23D,444,2.32
46,1200,,,2,,,3,0,NA,,,0,0A670FF5-61A1-4692-A985-B0300FF9FDF1,97B3FED7-90F7-4C4D-9693-CA48A459D23D,444,2.32
47,,Snow load only,,2,,,3,0,NA,,,0,0A670FF5-61A1-4692-A985-B0300FF9FDF1,97B3FED7-90F7-4C4D-9693-CA48A459D23D,444,2.32
48,Yes,,,2,,,2,1,,0,,0,0A670FF5-61A1-4692-A985-B0300FF9FDF1,97B3FED7-90F7-4C4D-9693-CA48A459D23D,444,2.32
49,Comment Only,Loading dock is controlled by MMC team at McMurdo,,2,,,2,0,NA,,,0,0A670FF5-61A1-4692-A985-B0300FF9FDF1,97B3FED7-90F7-4C4D-9693-CA48A459D23D,444,2.32
50,,All materials delivered by Ship or Airlift,,2,,,2,0,NA,,,0,0A670FF5-61A1-4692-A985-B0300FF9FDF1,97B3FED7-90F7-4C4D-9693-CA48A459D23D,444,2.32
51,Yes,,,2,,,3,0,,0,,0,0A670FF5-61A1-4692-A985-B0300FF9FDF1,97B3FED7-90F7-4C4D-9693-CA48A459D23D,444,2.32
52,500,,,2,,,3,0,NA,,,0,0A670FF5-61A1-4692-A985-B0300FF9FDF1,97B3FED7-90F7-4C4D-9693-CA48A459D23D,444,2.32
53,Yes,,,2,,,3,0,,0,,0,0A670FF5-61A1-4692-A985-B0300FF9FDF1,97B3FED7-90F7-4C4D-9693-CA48A459D23D,444,2.32
54,500,,,2,,,3,0,NA,,,0,0A670FF5-61A1-4692-A985-B0300FF9FDF1,97B3FED7-90F7-4C4D-9693-CA48A459D23D,444,2.32
55,Yes,,,2,,,3,0,,0,,0,0A670FF5-61A1-4692-A985-B0300FF9FDF1,97B3FED7-90F7-4C4D-9693-CA48A459D23D,444,2.32
56,Comment Only,Deliveries can only be made during Antarctic Summer,,2,,,3,0,NA,,,0,0A670FF5-61A1-4692-A985-B0300FF9FDF1,97B3FED7-90F7-4C4D-9693-CA48A459D23D,444,2.32
57,Yes,,,2,,,3,0,,0,,0,0A670FF5-61A1-4692-A985-B0300FF9FDF1,97B3FED7-90F7-4C4D-9693-CA48A459D23D,444,2.32
58,Comment Only,,,2,,,3,0,NA,,,0,0A670FF5-61A1-4692-A985-B0300FF9FDF1,97B3FED7-90F7-4C4D-9693-CA48A459D23D,444,2.32
59,Yes,,,2,,,3,0,,0,,0,0A670FF5-61A1-4692-A985-B0300FF9FDF1,97B3FED7-90F7-4C4D-9693-CA48A459D23D,444,2.32
60,Comment Only,,,2,,,3,0,NA,,,0,0A670FF5-61A1-4692-A985-B0300FF9FDF1,97B3FED7-90F7-4C4D-9693-CA48A459D23D,444,2.32
61,Yes,,,2,,,3,1,,0,,0,0A670FF5-61A1-4692-A985-B0300FF9FDF1,97B3FED7-90F7-4C4D-9693-CA48A459D23D,444,2.32
62,Yes,,,2,,,2,1,,0,,0,0A670FF5-61A1-4692-A985-B0300FF9FDF1,97B3FED7-90F7-4C4D-9693-CA48A459D23D,444,2.32
63,25,,,2,,,2,0,NA,,,0,0A670FF5-61A1-4692-A985-B0300FF9FDF1,97B3FED7-90F7-4C4D-9693-CA48A459D23D,444,2.32
64,Comment Only,All supplied by USAP,,2,,,3,0,NA,,,0,0A670FF5-61A1-4692-A985-B0300FF9FDF1,97B3FED7-90F7-4C4D-9693-CA48A459D23D,444,2.32
65,Yes,Snow transport,,2,,,3,0,,0,,0,0A670FF5-61A1-4692-A985-B0300FF9FDF1,97B3FED7-90F7-4C4D-9693-CA48A459D23D,444,2.32
66,Yes,,,2,,,3,0,,0,,0,0A670FF5-61A1-4692-A985-B0300FF9FDF1,97B3FED7-90F7-4C4D-9693-CA48A459D23D,444,2.32
67,Yes,,,2,,,3,1,,0,,0,0A670FF5-61A1-4692-A985-B0300FF9FDF1,97B3FED7-90F7-4C4D-9693-CA48A459D23D,444,2.32
68,,,,2,,,3,0,NA,,,0,0A670FF5-61A1-4692-A985-B0300FF9FDF1,97B3FED7-90F7-4C4D-9693-CA48A459D23D,444,2.32
69,28,,,2,,,3,0,NA,,,0,0A670FF5-61A1-4692-A985-B0300FF9FDF1,97B3FED7-90F7-4C4D-9693-CA48A459D23D,444,2.32
70,Comment Only,Not Applicable,,2,,,2,0,NA,,,0,0A670FF5-61A1-4692-A985-B0300FF9FDF1,97B3FED7-90F7-4C4D-9693-CA48A459D23D,444,2.32
71,,,,2,,,2,0,NA,,,0,0A670FF5-61A1-4692-A985-B0300FF9FDF1,97B3FED7-90F7-4C4D-9693-CA48A459D23D,444,2.32
72,,,,2,,,2,0,NA,,,0,0A670FF5-61A1-4692-A985-B0300FF9FDF1,97B3FED7-90F7-4C4D-9693-CA48A459D23D,444,2.32
73,Yes,Inside,,2,,,3,1,,0,,0,0A670FF5-61A1-4692-A985-B0300FF9FDF1,97B3FED7-90F7-4C4D-9693-CA48A459D23D,444,2.32
74,Comment Only,5-15R,,2,,,3,0,NA,,,0,0A670FF5-61A1-4692-A985-B0300FF9FDF1,97B3FED7-90F7-4C4D-9693-CA48A459D23D,444,2.32
75,No,1000 KG Limit,,2,,,1,0,,0,,0,0A670FF5-61A1-4692-A985-B0300FF9FDF1,97B3FED7-90F7-4C4D-9693-CA48A459D23D,444,2.32
76,Yes,,,2,,,3,1,,0,,0,0A670FF5-61A1-4692-A985-B0300FF9FDF1,97B3FED7-90F7-4C4D-9693-CA48A459D23D,444,2.32
77,,Variable,,2,,,3,0,NA,,,0,0A670FF5-61A1-4692-A985-B0300FF9FDF1,97B3FED7-90F7-4C4D-9693-CA48A459D23D,444,2.32
78,Yes,,,2,,,2,1,,0,,0,0A670FF5-61A1-4692-A985-B0300FF9FDF1,97B3FED7-90F7-4C4D-9693-CA48A459D23D,444,2.32
79,15,,,2,,,2,0,NA,,,0,0A670FF5-61A1-4692-A985-B0300FF9FDF1,97B3FED7-90F7-4C4D-9693-CA48A459D23D,444,2.32
80,Comment Only,building M01,,2,,,2,0,NA,,,0,0A670FF5-61A1-4692-A985-B0300FF9FDF1,97B3FED7-90F7-4C4D-9693-CA48A459D23D,444,2.32
81,No,,,2,,,2,0,,0,,0,0A670FF5-61A1-4692-A985-B0300FF9FDF1,97B3FED7-90F7-4C4D-9693-CA48A459D23D,444,2.32
82,Not Applicable,,,2,,,2,0,NA,,,0,0A670FF5-61A1-4692-A985-B0300FF9FDF1,97B3FED7-90F7-4C4D-9693-CA48A459D23D,444,2.32
83,,,,2,,,2,0,NA,,,0,0A670FF5-61A1-4692-A985-B0300FF9FDF1,97B3FED7-90F7-4C4D-9693-CA48A459D23D,444,2.32
84,No,,,2,,,2,0,,0,,0,0A670FF5-61A1-4692-A985-B0300FF9FDF1,97B3FED7-90F7-4C4D-9693-CA48A459D23D,444,2.32
85,,,,2,,,2,0,NA,,,0,0A670FF5-61A1-4692-A985-B0300FF9FDF1,97B3FED7-90F7-4C4D-9693-CA48A459D23D,444,2.32
86,Comment Only,,,2,,,2,0,NA,,,0,0A670FF5-61A1-4692-A985-B0300FF9FDF1,97B3FED7-90F7-4C4D-9693-CA48A459D23D,444,2.32
87,No,,,2,,,3,0,,0,,0,0A670FF5-61A1-4692-A985-B0300FF9FDF1,97B3FED7-90F7-4C4D-9693-CA48A459D23D,444,2.32
88,Comment Only,Materials must be separated by the installation tam and recycled through the USAP program,,2,,,3,0,NA,,,0,0A670FF5-61A1-4692-A985-B0300FF9FDF1,97B3FED7-90F7-4C4D-9693-CA48A459D23D,444,2.32
89,Yes,,,2,,,2,0,,0,,0,0A670FF5-61A1-4692-A985-B0300FF9FDF1,97B3FED7-90F7-4C4D-9693-CA48A459D23D,444,2.32
90,7X24,Staffing rotates out During Soiuth Pole winter months,,11,,,2,2,,0,,0,0A670FF5-61A1-4692-A985-B0300FF9FDF1,97B3FED7-90F7-4C4D-9693-CA48A459D23D,444,2.32
91,7 X (8-5),,,11,,,1,1,,0,,0,0A670FF5-61A1-4692-A985-B0300FF9FDF1,97B3FED7-90F7-4C4D-9693-CA48A459D23D,444,2.32
92,Not Staffed,,,11,,,1,-1,,0,,0,0A670FF5-61A1-4692-A985-B0300FF9FDF1,97B3FED7-90F7-4C4D-9693-CA48A459D23D,444,2.32
93,Yes,,,11,,,3,1,,0,,0,0A670FF5-61A1-4692-A985-B0300FF9FDF1,97B3FED7-90F7-4C4D-9693-CA48A459D23D,444,2.32
94,Yes,,,11,,,2,1,,0,,0,0A670FF5-61A1-4692-A985-B0300FF9FDF1,97B3FED7-90F7-4C4D-9693-CA48A459D23D,444,2.32
95,Yes,During Satellite visible periods,,11,,,2,1,,0,,0,0A670FF5-61A1-4692-A985-B0300FF9FDF1,97B3FED7-90F7-4C4D-9693-CA48A459D23D,444,2.32
96,Yes,,,11,,,2,1,,0,,0,0A670FF5-61A1-4692-A985-B0300FF9FDF1,97B3FED7-90F7-4C4D-9693-CA48A459D23D,444,2.32
97,Yes,,,11,,,2,1,,0,,0,0A670FF5-61A1-4692-A985-B0300FF9FDF1,97B3FED7-90F7-4C4D-9693-CA48A459D23D,444,2.32
98,Yes,,,11,,,3,1,,0,,0,0A670FF5-61A1-4692-A985-B0300FF9FDF1,97B3FED7-90F7-4C4D-9693-CA48A459D23D,444,2.32
99,Yes,,,11,,,3,1,,0,,0,0A670FF5-61A1-4692-A985-B0300FF9FDF1,97B3FED7-90F7-4C4D-9693-CA48A459D23D,444,2.32
100,"Yes, For Both",,,11,,,3,2,,0,,0,0A670FF5-61A1-4692-A985-B0300FF9FDF1,97B3FED7-90F7-4C4D-9693-CA48A459D23D,444,2.32
101,No,,,11,,,3,0,,0,,0,0A670FF5-61A1-4692-A985-B0300FF9FDF1,97B3FED7-90F7-4C4D-9693-CA48A459D23D,444,2.32
102,Yes,Medical Doctor is on site year round as well,,11,,,3,1,,0,,0,0A670FF5-61A1-4692-A985-B0300FF9FDF1,97B3FED7-90F7-4C4D-9693-CA48A459D23D,444,2.32
103,Yes,,,11,,,3,1,,0,,0,0A670FF5-61A1-4692-A985-B0300FF9FDF1,97B3FED7-90F7-4C4D-9693-CA48A459D23D,444,2.32
104,Self Performed,,,11,,,3,1,,0,,0,0A670FF5-61A1-4692-A985-B0300FF9FDF1,97B3FED7-90F7-4C4D-9693-CA48A459D23D,444,2.32
105,Yes,,,11,,,3,1,,0,,0,0A670FF5-61A1-4692-A985-B0300FF9FDF1,97B3FED7-90F7-4C4D-9693-CA48A459D23D,444,2.32
106,Government Mandated Training,,,11,,,3,3,,0,,0,0A670FF5-61A1-4692-A985-B0300FF9FDF1,97B3FED7-90F7-4C4D-9693-CA48A459D23D,444,2.32
107,256,,,11,,,2,0,NA,,,0,0A670FF5-61A1-4692-A985-B0300FF9FDF1,97B3FED7-90F7-4C4D-9693-CA48A459D23D,444,2.32
108,Comment Only,Per US Army Corp of Engineers,,11,,,3,0,NA,,,0,0A670FF5-61A1-4692-A985-B0300FF9FDF1,97B3FED7-90F7-4C4D-9693-CA48A459D23D,444,2.32
109,Comment Only,,,11,,,3,0,NA,,,0,0A670FF5-61A1-4692-A985-B0300FF9FDF1,97B3FED7-90F7-4C4D-9693-CA48A459D23D,444,2.32
110,Comment Only,Spares are shipped from Christchurch NZ during South Pole Summer months and essentials items during WINFLY,,11,,,2,0,NA,,,0,0A670FF5-61A1-4692-A985-B0300FF9FDF1,97B3FED7-90F7-4C4D-9693-CA48A459D23D,444,2.32
111,Yes,,,11,,,3,1,,0,,0,0A670FF5-61A1-4692-A985-B0300FF9FDF1,97B3FED7-90F7-4C4D-9693-CA48A459D23D,444,2.32
112,No,,,11,,,1,0,,0,,0,0A670FF5-61A1-4692-A985-B0300FF9FDF1,97B3FED7-90F7-4C4D-9693-CA48A459D23D,444,2.32
113,Comment Only,USAP,,11,,,2,0,NA,,,0,0A670FF5-61A1-4692-A985-B0300FF9FDF1,97B3FED7-90F7-4C4D-9693-CA48A459D23D,444,2.32
114,Comment Only,USAP,,11,,,2,0,NA,,,0,0A670FF5-61A1-4692-A985-B0300FF9FDF1,97B3FED7-90F7-4C4D-9693-CA48A459D23D,444,2.32
115,Yes,,,11,,,2,1,,0,,0,0A670FF5-61A1-4692-A985-B0300FF9FDF1,97B3FED7-90F7-4C4D-9693-CA48A459D23D,444,2.32
116,Yes,,,21,,,2,1,,0,,0,0A670FF5-61A1-4692-A985-B0300FF9FDF1,97B3FED7-90F7-4C4D-9693-CA48A459D23D,444,2.32
117,Yes,,,21,,,1,1,,0,,0,0A670FF5-61A1-4692-A985-B0300FF9FDF1,97B3FED7-90F7-4C4D-9693-CA48A459D23D,444,2.32
118,No,,,21,,,1,0,,0,,0,0A670FF5-61A1-4692-A985-B0300FF9FDF1,97B3FED7-90F7-4C4D-9693-CA48A459D23D,444,2.32
119,Both on and off site,,,21,,,1,3,,0,,0,0A670FF5-61A1-4692-A985-B0300FF9FDF1,97B3FED7-90F7-4C4D-9693-CA48A459D23D,444,2.32
120,Yes,By Room,,21,,,1,1,,0,,0,0A670FF5-61A1-4692-A985-B0300FF9FDF1,97B3FED7-90F7-4C4D-9693-CA48A459D23D,444,2.32
121,Dry pre-action,,,21,,,1,2,,0,,0,0A670FF5-61A1-4692-A985-B0300FF9FDF1,97B3FED7-90F7-4C4D-9693-CA48A459D23D,444,2.32
122,Gas,,,21,,,2,3,,0,,0,0A670FF5-61A1-4692-A985-B0300FF9FDF1,97B3FED7-90F7-4C4D-9693-CA48A459D23D,444,2.32
123,Gas,,,21,,,2,3,,0,,0,0A670FF5-61A1-4692-A985-B0300FF9FDF1,97B3FED7-90F7-4C4D-9693-CA48A459D23D,444,2.32
124,Gas,,,21,,,2,3,,0,,0,0A670FF5-61A1-4692-A985-B0300FF9FDF1,97B3FED7-90F7-4C4D-9693-CA48A459D23D,444,2.32
125,Gas,,,21,,,2,3,,0,,0,0A670FF5-61A1-4692-A985-B0300FF9FDF1,97B3FED7-90F7-4C4D-9693-CA48A459D23D,444,2.32
126,Gas,,,21,,,2,3,,0,,0,0A670FF5-61A1-4692-A985-B0300FF9FDF1,97B3FED7-90F7-4C4D-9693-CA48A459D23D,444,2.32
127,Comment Only,"Station 1, 51 Willy Field Road",,21,,,1,0,NA,,,0,0A670FF5-61A1-4692-A985-B0300FF9FDF1,97B3FED7-90F7-4C4D-9693-CA48A459D23D,444,2.32
128,0.52,,,21,,,1,2,,0,,0,0A670FF5-61A1-4692-A985-B0300FF9FDF1,97B3FED7-90F7-4C4D-9693-CA48A459D23D,444,2.32
129,No,,,21,,,3,0,,0,,0,0A670FF5-61A1-4692-A985-B0300FF9FDF1,97B3FED7-90F7-4C4D-9693-CA48A459D23D,444,2.32
130,,,,21,,,3,0,NA,,,0,0A670FF5-61A1-4692-A985-B0300FF9FDF1,97B3FED7-90F7-4C4D-9693-CA48A459D23D,444,2.32
131,Yes,,,21,,,2,1,,0,,0,0A670FF5-61A1-4692-A985-B0300FF9FDF1,97B3FED7-90F7-4C4D-9693-CA48A459D23D,444,2.32
132,Comment Only,,,21,,,2,0,NA,,,0,0A670FF5-61A1-4692-A985-B0300FF9FDF1,97B3FED7-90F7-4C4D-9693-CA48A459D23D,444,2.32
133,Yes,,,21,,,2,1,,0,,0,0A670FF5-61A1-4692-A985-B0300FF9FDF1,97B3FED7-90F7-4C4D-9693-CA48A459D23D,444,2.32
134,Manual Activation,,,21,,,2,0,,0,,0,0A670FF5-61A1-4692-A985-B0300FF9FDF1,97B3FED7-90F7-4C4D-9693-CA48A459D23D,444,2.32
135,Comment Only,Smoke and Vesda as well as manual pull stations,,21,,,2,0,NA,,,0,0A670FF5-61A1-4692-A985-B0300FF9FDF1,97B3FED7-90F7-4C4D-9693-CA48A459D23D,444,2.32
136,Comment Only,All systems ,,21,,,2,0,NA,,,0,0A670FF5-61A1-4692-A985-B0300FF9FDF1,97B3FED7-90F7-4C4D-9693-CA48A459D23D,444,2.32
137,No,Only to local fire brigade,,21,,,2,0,,0,,0,0A670FF5-61A1-4692-A985-B0300FF9FDF1,97B3FED7-90F7-4C4D-9693-CA48A459D23D,444,2.32
138,Comment Only,,,21,,,2,0,NA,,,0,0A670FF5-61A1-4692-A985-B0300FF9FDF1,97B3FED7-90F7-4C4D-9693-CA48A459D23D,444,2.32
139,NFPA-79,,,21,,,2,0,NA,,,0,0A670FF5-61A1-4692-A985-B0300FF9FDF1,97B3FED7-90F7-4C4D-9693-CA48A459D23D,444,2.32
140,Yes,,,23,,,1,1,,0,,0,0A670FF5-61A1-4692-A985-B0300FF9FDF1,97B3FED7-90F7-4C4D-9693-CA48A459D23D,444,2.32
141,Never Measured,,,23,,,2,0,,0,,0,0A670FF5-61A1-4692-A985-B0300FF9FDF1,97B3FED7-90F7-4C4D-9693-CA48A459D23D,444,2.32
142,2N,,,23,,,1,3,,0,,0,0A670FF5-61A1-4692-A985-B0300FF9FDF1,97B3FED7-90F7-4C4D-9693-CA48A459D23D,444,2.32
143,,,,23,,,2,0,NA,,,0,0A670FF5-61A1-4692-A985-B0300FF9FDF1,97B3FED7-90F7-4C4D-9693-CA48A459D23D,444,2.32
144,,,,23,,,2,0,NA,,,0,0A670FF5-61A1-4692-A985-B0300FF9FDF1,97B3FED7-90F7-4C4D-9693-CA48A459D23D,444,2.32
145,,,,23,,,2,0,NA,,,0,0A670FF5-61A1-4692-A985-B0300FF9FDF1,97B3FED7-90F7-4C4D-9693-CA48A459D23D,444,2.32
146,Comment Only,,,23,,,2,0,NA,,,0,0A670FF5-61A1-4692-A985-B0300FF9FDF1,97B3FED7-90F7-4C4D-9693-CA48A459D23D,444,2.32
147,No,,,23,,,2,0,,0,,0,0A670FF5-61A1-4692-A985-B0300FF9FDF1,97B3FED7-90F7-4C4D-9693-CA48A459D23D,444,2.32
148,,No Chilled water storage,,23,,,2,0,NA,,,0,0A670FF5-61A1-4692-A985-B0300FF9FDF1,97B3FED7-90F7-4C4D-9693-CA48A459D23D,444,2.32
149,,Not Applicable,,23,,,2,0,NA,,,0,0A670FF5-61A1-4692-A985-B0300FF9FDF1,97B3FED7-90F7-4C4D-9693-CA48A459D23D,444,2.32
150,No,,,23,,,2,0,,0,,0,0A670FF5-61A1-4692-A985-B0300FF9FDF1,97B3FED7-90F7-4C4D-9693-CA48A459D23D,444,2.32
151,,,,23,,,2,0,NA,,,0,0A670FF5-61A1-4692-A985-B0300FF9FDF1,97B3FED7-90F7-4C4D-9693-CA48A459D23D,444,2.32
152,No,,,23,,,2,0,,0,,0,0A670FF5-61A1-4692-A985-B0300FF9FDF1,97B3FED7-90F7-4C4D-9693-CA48A459D23D,444,2.32
153,No,,,23,,,3,0,,0,,0,0A670FF5-61A1-4692-A985-B0300FF9FDF1,97B3FED7-90F7-4C4D-9693-CA48A459D23D,444,2.32
154,Comment Only,,,23,,,3,0,NA,,,0,0A670FF5-61A1-4692-A985-B0300FF9FDF1,97B3FED7-90F7-4C4D-9693-CA48A459D23D,444,2.32
155,No,,,23,,,2,0,,0,,0,0A670FF5-61A1-4692-A985-B0300FF9FDF1,97B3FED7-90F7-4C4D-9693-CA48A459D23D,444,2.32
156,Yes,During Antarctic Summer only,,23,,,3,1,,0,,0,0A670FF5-61A1-4692-A985-B0300FF9FDF1,97B3FED7-90F7-4C4D-9693-CA48A459D23D,444,2.32
157,Yes,,,23,,,3,1,,0,,0,0A670FF5-61A1-4692-A985-B0300FF9FDF1,97B3FED7-90F7-4C4D-9693-CA48A459D23D,444,2.32
158,0.125,,,23,,,3,0,NA,,,0,0A670FF5-61A1-4692-A985-B0300FF9FDF1,97B3FED7-90F7-4C4D-9693-CA48A459D23D,444,2.32
159,Yes,,,23,,,2,1,,0,,0,0A670FF5-61A1-4692-A985-B0300FF9FDF1,97B3FED7-90F7-4C4D-9693-CA48A459D23D,444,2.32
160,Yes,,,23,,,2,1,,0,,0,0A670FF5-61A1-4692-A985-B0300FF9FDF1,97B3FED7-90F7-4C4D-9693-CA48A459D23D,444,2.32
161,Comment Only,,,23,,,2,0,NA,,,0,0A670FF5-61A1-4692-A985-B0300FF9FDF1,97B3FED7-90F7-4C4D-9693-CA48A459D23D,444,2.32
162,Yes,,,23,,,2,1,,0,,0,0A670FF5-61A1-4692-A985-B0300FF9FDF1,97B3FED7-90F7-4C4D-9693-CA48A459D23D,444,2.32
163,No,,,23,92,,3,0,,0,,0,0A670FF5-61A1-4692-A985-B0300FF9FDF1,97B3FED7-90F7-4C4D-9693-CA48A459D23D,444,2.32
164,Comment Only,,,23,,,3,0,NA,,,0,0A670FF5-61A1-4692-A985-B0300FF9FDF1,97B3FED7-90F7-4C4D-9693-CA48A459D23D,444,2.32
165,12.6,,,23,92,,1,0,NA,,,0,0A670FF5-61A1-4692-A985-B0300FF9FDF1,97B3FED7-90F7-4C4D-9693-CA48A459D23D,444,2.32
166,No,,,23,,,3,0,,0,,0,0A670FF5-61A1-4692-A985-B0300FF9FDF1,97B3FED7-90F7-4C4D-9693-CA48A459D23D,444,2.32
167,,,,23,92,,3,0,NA,,,0,0A670FF5-61A1-4692-A985-B0300FF9FDF1,97B3FED7-90F7-4C4D-9693-CA48A459D23D,444,2.32
168,0.025,,,23,,,3,0,NA,,,0,0A670FF5-61A1-4692-A985-B0300FF9FDF1,97B3FED7-90F7-4C4D-9693-CA48A459D23D,444,2.32
169,0.019,,,23,,,3,0,NA,,,0,0A670FF5-61A1-4692-A985-B0300FF9FDF1,97B3FED7-90F7-4C4D-9693-CA48A459D23D,444,2.32
170,1350,,,23,,,2,0,NA,,,0,0A670FF5-61A1-4692-A985-B0300FF9FDF1,97B3FED7-90F7-4C4D-9693-CA48A459D23D,444,2.32
171,0.025,,,23,,,2,0,NA,,,0,0A670FF5-61A1-4692-A985-B0300FF9FDF1,97B3FED7-90F7-4C4D-9693-CA48A459D23D,444,2.32
172,Yes,,,23,,,2,1,,0,,0,0A670FF5-61A1-4692-A985-B0300FF9FDF1,97B3FED7-90F7-4C4D-9693-CA48A459D23D,444,2.32
173,Comment Only,In the CRAC units,,23,,,2,0,NA,,,0,0A670FF5-61A1-4692-A985-B0300FF9FDF1,97B3FED7-90F7-4C4D-9693-CA48A459D23D,444,2.32
174,Yes,,,25,,,1,1,,0,,0,0A670FF5-61A1-4692-A985-B0300FF9FDF1,97B3FED7-90F7-4C4D-9693-CA48A459D23D,444,2.32
175,Yes,During South Pole Summer,,25,,,1,1,,0,,0,0A670FF5-61A1-4692-A985-B0300FF9FDF1,97B3FED7-90F7-4C4D-9693-CA48A459D23D,444,2.32
176,Yes,During South Pole Summer,,25,,,1,1,,0,,0,0A670FF5-61A1-4692-A985-B0300FF9FDF1,97B3FED7-90F7-4C4D-9693-CA48A459D23D,444,2.32
177,Comment Only,UASP Version 12.2,,25,,,2,0,NA,,,0,0A670FF5-61A1-4692-A985-B0300FF9FDF1,97B3FED7-90F7-4C4D-9693-CA48A459D23D,444,2.32
178,Comment Only,All systems ,,25,,,2,0,NA,,,0,0A670FF5-61A1-4692-A985-B0300FF9FDF1,97B3FED7-90F7-4C4D-9693-CA48A459D23D,444,2.32
179,Comment Only,Mechnical plant and some plumbing systems,,25,,,2,0,NA,,,0,0A670FF5-61A1-4692-A985-B0300FF9FDF1,97B3FED7-90F7-4C4D-9693-CA48A459D23D,444,2.32
180,Yes,,,25,,,2,1,,0,,0,0A670FF5-61A1-4692-A985-B0300FF9FDF1,97B3FED7-90F7-4C4D-9693-CA48A459D23D,444,2.32
181,Yes,,,25,,,2,1,,0,,0,0A670FF5-61A1-4692-A985-B0300FF9FDF1,97B3FED7-90F7-4C4D-9693-CA48A459D23D,444,2.32
182,Yes,,,25,,,2,1,,0,,0,0A670FF5-61A1-4692-A985-B0300FF9FDF1,97B3FED7-90F7-4C4D-9693-CA48A459D23D,444,2.32
183,Comment Only,,,25,,,2,0,NA,,,0,0A670FF5-61A1-4692-A985-B0300FF9FDF1,97B3FED7-90F7-4C4D-9693-CA48A459D23D,444,2.32
184,Yes,,,25,,,2,1,,0,,0,0A670FF5-61A1-4692-A985-B0300FF9FDF1,97B3FED7-90F7-4C4D-9693-CA48A459D23D,444,2.32
185,No,,,25,,,2,0,,0,,0,0A670FF5-61A1-4692-A985-B0300FF9FDF1,97B3FED7-90F7-4C4D-9693-CA48A459D23D,444,2.32
186,Yes,,,25,,,2,1,,0,,0,0A670FF5-61A1-4692-A985-B0300FF9FDF1,97B3FED7-90F7-4C4D-9693-CA48A459D23D,444,2.32
187,No,,,25,,,2,0,,0,,0,0A670FF5-61A1-4692-A985-B0300FF9FDF1,97B3FED7-90F7-4C4D-9693-CA48A459D23D,444,2.32
188,No,,,25,,,2,0,,0,,0,0A670FF5-61A1-4692-A985-B0300FF9FDF1,97B3FED7-90F7-4C4D-9693-CA48A459D23D,444,2.32
189,Yes,,,25,,,2,1,,0,,0,0A670FF5-61A1-4692-A985-B0300FF9FDF1,97B3FED7-90F7-4C4D-9693-CA48A459D23D,444,2.32
190,Yes,,,25,,,2,1,,0,,0,0A670FF5-61A1-4692-A985-B0300FF9FDF1,97B3FED7-90F7-4C4D-9693-CA48A459D23D,444,2.32
191,Yes,HOA on all critical ,,25,,,2,1,,0,,0,0A670FF5-61A1-4692-A985-B0300FF9FDF1,97B3FED7-90F7-4C4D-9693-CA48A459D23D,444,2.32
192,Yes,,,25,,,2,1,,0,,0,0A670FF5-61A1-4692-A985-B0300FF9FDF1,97B3FED7-90F7-4C4D-9693-CA48A459D23D,444,2.32
193,Comment Only,USAP Custom design,,25,,,2,0,NA,,,0,0A670FF5-61A1-4692-A985-B0300FF9FDF1,97B3FED7-90F7-4C4D-9693-CA48A459D23D,444,2.32
194,Comment Only,,,25,,,3,0,NA,,,0,0A670FF5-61A1-4692-A985-B0300FF9FDF1,97B3FED7-90F7-4C4D-9693-CA48A459D23D,444,2.32
195,Comment Only,,,25,,,3,0,NA,,,0,0A670FF5-61A1-4692-A985-B0300FF9FDF1,97B3FED7-90F7-4C4D-9693-CA48A459D23D,444,2.32
196,,,,25,,,3,0,,0,,0,0A670FF5-61A1-4692-A985-B0300FF9FDF1,97B3FED7-90F7-4C4D-9693-CA48A459D23D,444,2.32
197,Yes,,,25,,,2,1,,0,,0,0A670FF5-61A1-4692-A985-B0300FF9FDF1,97B3FED7-90F7-4C4D-9693-CA48A459D23D,444,2.32
198,Yes,,,25,,,2,1,,0,,0,0A670FF5-61A1-4692-A985-B0300FF9FDF1,97B3FED7-90F7-4C4D-9693-CA48A459D23D,444,2.32
199,Yes,,,26,,,1,1,No,0,,1,0A670FF5-61A1-4692-A985-B0300FF9FDF1,97B3FED7-90F7-4C4D-9693-CA48A459D23D,444,2.32
200,2N,,,26,,,1,3,,0,,0,0A670FF5-61A1-4692-A985-B0300FF9FDF1,97B3FED7-90F7-4C4D-9693-CA48A459D23D,444,2.32
201,2N,,,26,,,1,3,,0,,0,0A670FF5-61A1-4692-A985-B0300FF9FDF1,97B3FED7-90F7-4C4D-9693-CA48A459D23D,444,2.32
202,Comment Only,Generator feed to common power grid at station,,26,,,2,0,NA,,,0,0A670FF5-61A1-4692-A985-B0300FF9FDF1,97B3FED7-90F7-4C4D-9693-CA48A459D23D,444,2.32
203,No,,,26,,,2,0,,0,,0,0A670FF5-61A1-4692-A985-B0300FF9FDF1,97B3FED7-90F7-4C4D-9693-CA48A459D23D,444,2.32
204,,,,26,,,2,0,NA,,,0,0A670FF5-61A1-4692-A985-B0300FF9FDF1,97B3FED7-90F7-4C4D-9693-CA48A459D23D,444,2.32
205,,,,26,,,2,0,,0,,0,0A670FF5-61A1-4692-A985-B0300FF9FDF1,97B3FED7-90F7-4C4D-9693-CA48A459D23D,444,2.32
206,21,,,26,,,1,0,NA,,,0,0A670FF5-61A1-4692-A985-B0300FF9FDF1,97B3FED7-90F7-4C4D-9693-CA48A459D23D,444,2.32
207,15,,,26,,,1,0,NA,,,0,0A670FF5-61A1-4692-A985-B0300FF9FDF1,97B3FED7-90F7-4C4D-9693-CA48A459D23D,444,2.32
208,10,,,26,,,1,0,NA,,,0,0A670FF5-61A1-4692-A985-B0300FF9FDF1,97B3FED7-90F7-4C4D-9693-CA48A459D23D,444,2.32
209,Comment Only,USAP Generation team,,26,,,3,0,NA,,,0,0A670FF5-61A1-4692-A985-B0300FF9FDF1,97B3FED7-90F7-4C4D-9693-CA48A459D23D,444,2.32
210,Comment Only,"McMurdo Power, McMurdo Station",,26,91,,3,0,NA,,,0,0A670FF5-61A1-4692-A985-B0300FF9FDF1,97B3FED7-90F7-4C4D-9693-CA48A459D23D,444,2.32
211,0.48,,,26,,,2,0,NA,,,0,0A670FF5-61A1-4692-A985-B0300FF9FDF1,97B3FED7-90F7-4C4D-9693-CA48A459D23D,444,2.32
212,2,,,26,,,2,0,NA,,,0,0A670FF5-61A1-4692-A985-B0300FF9FDF1,97B3FED7-90F7-4C4D-9693-CA48A459D23D,444,2.32
213,4500,,,26,,,2,0,NA,,,0,0A670FF5-61A1-4692-A985-B0300FF9FDF1,97B3FED7-90F7-4C4D-9693-CA48A459D23D,444,2.32
214,Oil Filled,,,26,,,2,0,,0,,0,0A670FF5-61A1-4692-A985-B0300FF9FDF1,97B3FED7-90F7-4C4D-9693-CA48A459D23D,444,2.32
215,N+1,,,26,,,2,1,,0,,0,0A670FF5-61A1-4692-A985-B0300FF9FDF1,97B3FED7-90F7-4C4D-9693-CA48A459D23D,444,2.32
216,Shared,,,26,,,3,0,,0,,0,0A670FF5-61A1-4692-A985-B0300FF9FDF1,97B3FED7-90F7-4C4D-9693-CA48A459D23D,444,2.32
217,No,,,26,,,3,0,,0,,0,0A670FF5-61A1-4692-A985-B0300FF9FDF1,97B3FED7-90F7-4C4D-9693-CA48A459D23D,444,2.32
218,No,,,26,,,3,0,,0,,0,0A670FF5-61A1-4692-A985-B0300FF9FDF1,97B3FED7-90F7-4C4D-9693-CA48A459D23D,444,2.32
219,Comment Only,,,26,,,3,0,NA,,,0,0A670FF5-61A1-4692-A985-B0300FF9FDF1,97B3FED7-90F7-4C4D-9693-CA48A459D23D,444,2.32
220,Yes,,,26,,,1,1,,0,,0,0A670FF5-61A1-4692-A985-B0300FF9FDF1,97B3FED7-90F7-4C4D-9693-CA48A459D23D,444,2.32
221,Yes,,,26,,,1,1,,0,,0,0A670FF5-61A1-4692-A985-B0300FF9FDF1,97B3FED7-90F7-4C4D-9693-CA48A459D23D,444,2.32
222,Yes,,,26,,,1,1,,0,,0,0A670FF5-61A1-4692-A985-B0300FF9FDF1,97B3FED7-90F7-4C4D-9693-CA48A459D23D,444,2.32
223,No,,,26,,,2,0,,0,,0,0A670FF5-61A1-4692-A985-B0300FF9FDF1,97B3FED7-90F7-4C4D-9693-CA48A459D23D,444,2.32
224,Comment Only,,,26,,,2,0,NA,,,0,0A670FF5-61A1-4692-A985-B0300FF9FDF1,97B3FED7-90F7-4C4D-9693-CA48A459D23D,444,2.32
225,No,,,26,,,2,0,,0,,0,0A670FF5-61A1-4692-A985-B0300FF9FDF1,97B3FED7-90F7-4C4D-9693-CA48A459D23D,444,2.32
226,No,,,26,,,2,0,,0,,0,0A670FF5-61A1-4692-A985-B0300FF9FDF1,97B3FED7-90F7-4C4D-9693-CA48A459D23D,444,2.32
227,Comment Only,,,26,,,2,0,NA,,,0,0A670FF5-61A1-4692-A985-B0300FF9FDF1,97B3FED7-90F7-4C4D-9693-CA48A459D23D,444,2.32
228,Yes,,,26,,,2,1,,0,,0,0A670FF5-61A1-4692-A985-B0300FF9FDF1,97B3FED7-90F7-4C4D-9693-CA48A459D23D,444,2.32
229,Yes,,,26,,,2,1,,0,,0,0A670FF5-61A1-4692-A985-B0300FF9FDF1,97B3FED7-90F7-4C4D-9693-CA48A459D23D,444,2.32
230,Yes,,,26,,,2,1,,0,,0,0A670FF5-61A1-4692-A985-B0300FF9FDF1,97B3FED7-90F7-4C4D-9693-CA48A459D23D,444,2.32
231,Comment Only,Main Input to Building Switchgear,,26,,,2,0,NA,,,0,0A670FF5-61A1-4692-A985-B0300FF9FDF1,97B3FED7-90F7-4C4D-9693-CA48A459D23D,444,2.32
232,No,,,26,,,3,0,,0,,0,0A670FF5-61A1-4692-A985-B0300FF9FDF1,97B3FED7-90F7-4C4D-9693-CA48A459D23D,444,2.32
233,Comment Only,,,26,,,3,0,NA,,,0,0A670FF5-61A1-4692-A985-B0300FF9FDF1,97B3FED7-90F7-4C4D-9693-CA48A459D23D,444,2.32
234,,,,26,,,3,0,,0,,0,0A670FF5-61A1-4692-A985-B0300FF9FDF1,97B3FED7-90F7-4C4D-9693-CA48A459D23D,444,2.32
235,1500,,,26,,,3,0,NA,,,0,0A670FF5-61A1-4692-A985-B0300FF9FDF1,97B3FED7-90F7-4C4D-9693-CA48A459D23D,444,2.32
236,Yes,,,26,,,2,1,,0,,0,0A670FF5-61A1-4692-A985-B0300FF9FDF1,97B3FED7-90F7-4C4D-9693-CA48A459D23D,444,2.32
237,Yes,,,26,,,2,1,,0,,0,0A670FF5-61A1-4692-A985-B0300FF9FDF1,97B3FED7-90F7-4C4D-9693-CA48A459D23D,444,2.32
238,Yes,,,26,,,1,1,,0,,0,0A670FF5-61A1-4692-A985-B0300FF9FDF1,97B3FED7-90F7-4C4D-9693-CA48A459D23D,444,2.32
239,Comment Only,"Grounding Grid with Poles, Meets NZ code",,26,,,1,0,NA,,,0,0A670FF5-61A1-4692-A985-B0300FF9FDF1,97B3FED7-90F7-4C4D-9693-CA48A459D23D,444,2.32
240,Comment Only,,,26,,,2,0,NA,,,0,0A670FF5-61A1-4692-A985-B0300FF9FDF1,97B3FED7-90F7-4C4D-9693-CA48A459D23D,444,2.32
241,Comment Only,,,26,,,2,0,NA,,,0,0A670FF5-61A1-4692-A985-B0300FF9FDF1,97B3FED7-90F7-4C4D-9693-CA48A459D23D,444,2.32
242,6800,,,26,,,2,0,NA,,,0,0A670FF5-61A1-4692-A985-B0300FF9FDF1,97B3FED7-90F7-4C4D-9693-CA48A459D23D,444,2.32
243,,,,26,92,,2,0,,0,,0,0A670FF5-61A1-4692-A985-B0300FF9FDF1,97B3FED7-90F7-4C4D-9693-CA48A459D23D,444,2.32
244,Yes,,,26,,,1,1,,0,,0,0A670FF5-61A1-4692-A985-B0300FF9FDF1,97B3FED7-90F7-4C4D-9693-CA48A459D23D,444,2.32
245,VRLA,,,26,,,2,0,,0,,0,0A670FF5-61A1-4692-A985-B0300FF9FDF1,97B3FED7-90F7-4C4D-9693-CA48A459D23D,444,2.32
246,7,,,26,,,2,0,NA,,,0,0A670FF5-61A1-4692-A985-B0300FF9FDF1,97B3FED7-90F7-4C4D-9693-CA48A459D23D,444,2.32
247,Yes,,,26,,,2,1,,0,,0,0A670FF5-61A1-4692-A985-B0300FF9FDF1,97B3FED7-90F7-4C4D-9693-CA48A459D23D,444,2.32
248,Comment Only,Alber,,26,,,2,0,NA,,,0,0A670FF5-61A1-4692-A985-B0300FF9FDF1,97B3FED7-90F7-4C4D-9693-CA48A459D23D,444,2.32
249,12,,,26,,,1,0,NA,,,0,0A670FF5-61A1-4692-A985-B0300FF9FDF1,97B3FED7-90F7-4C4D-9693-CA48A459D23D,444,2.32
250,12,,,26,,,2,0,NA,,,0,0A670FF5-61A1-4692-A985-B0300FF9FDF1,97B3FED7-90F7-4C4D-9693-CA48A459D23D,444,2.32
251,Yes,,,26,,,2,1,,0,,0,0A670FF5-61A1-4692-A985-B0300FF9FDF1,97B3FED7-90F7-4C4D-9693-CA48A459D23D,444,2.32
252,480,,,26,,,3,1,,0,,0,0A670FF5-61A1-4692-A985-B0300FF9FDF1,97B3FED7-90F7-4C4D-9693-CA48A459D23D,444,2.32
253,480,,,26,,,3,1,,0,,0,0A670FF5-61A1-4692-A985-B0300FF9FDF1,97B3FED7-90F7-4C4D-9693-CA48A459D23D,444,2.32
254,No,,,26,92,,2,0,,0,,0,0A670FF5-61A1-4692-A985-B0300FF9FDF1,97B3FED7-90F7-4C4D-9693-CA48A459D23D,444,2.32
255,Comment Only,,,26,,,2,0,NA,,,0,0A670FF5-61A1-4692-A985-B0300FF9FDF1,97B3FED7-90F7-4C4D-9693-CA48A459D23D,444,2.32
256,No,,,26,,,2,0,,0,,0,0A670FF5-61A1-4692-A985-B0300FF9FDF1,97B3FED7-90F7-4C4D-9693-CA48A459D23D,444,2.32
257,Comment Only,,,26,,,2,0,NA,,,0,0A670FF5-61A1-4692-A985-B0300FF9FDF1,97B3FED7-90F7-4C4D-9693-CA48A459D23D,444,2.32
258,,,,26,,,2,0,,0,,0,0A670FF5-61A1-4692-A985-B0300FF9FDF1,97B3FED7-90F7-4C4D-9693-CA48A459D23D,444,2.32
259,Comment Only,,,26,,,2,0,NA,,,0,0A670FF5-61A1-4692-A985-B0300FF9FDF1,97B3FED7-90F7-4C4D-9693-CA48A459D23D,444,2.32
260,12,,,26,,,3,0,NA,,,0,0A670FF5-61A1-4692-A985-B0300FF9FDF1,97B3FED7-90F7-4C4D-9693-CA48A459D23D,444,2.32
261,489.6,,,26,,,3,0,NA,,,0,0A670FF5-61A1-4692-A985-B0300FF9FDF1,97B3FED7-90F7-4C4D-9693-CA48A459D23D,444,2.32
262,,,,26,,,3,0,NA,,,0,0A670FF5-61A1-4692-A985-B0300FF9FDF1,97B3FED7-90F7-4C4D-9693-CA48A459D23D,444,2.32
263,,,,26,,,2,0,,0,,0,0A670FF5-61A1-4692-A985-B0300FF9FDF1,97B3FED7-90F7-4C4D-9693-CA48A459D23D,444,2.32
264,Comment Only,,,26,,,2,0,NA,,,0,0A670FF5-61A1-4692-A985-B0300FF9FDF1,97B3FED7-90F7-4C4D-9693-CA48A459D23D,444,2.32
265,48,,,26,,,3,0,NA,,,0,0A670FF5-61A1-4692-A985-B0300FF9FDF1,97B3FED7-90F7-4C4D-9693-CA48A459D23D,444,2.32
266,490,,,26,,,3,0,NA,,,0,0A670FF5-61A1-4692-A985-B0300FF9FDF1,97B3FED7-90F7-4C4D-9693-CA48A459D23D,444,2.32
267,,,,26,,,3,0,NA,,,0,0A670FF5-61A1-4692-A985-B0300FF9FDF1,97B3FED7-90F7-4C4D-9693-CA48A459D23D,444,2.32
268,,,,26,,,3,0,NA,,,0,0A670FF5-61A1-4692-A985-B0300FF9FDF1,97B3FED7-90F7-4C4D-9693-CA48A459D23D,444,2.32
269,Yes,,,26,,,3,1,,0,,0,0A670FF5-61A1-4692-A985-B0300FF9FDF1,97B3FED7-90F7-4C4D-9693-CA48A459D23D,444,2.32
270,92,,,26,,,3,0,NA,,,0,0A670FF5-61A1-4692-A985-B0300FF9FDF1,97B3FED7-90F7-4C4D-9693-CA48A459D23D,444,2.32
271,Yes,,,26,92,,1,1,,0,,0,0A670FF5-61A1-4692-A985-B0300FF9FDF1,97B3FED7-90F7-4C4D-9693-CA48A459D23D,444,2.32
272,Yes,,,26,,,3,1,,0,,0,0A670FF5-61A1-4692-A985-B0300FF9FDF1,97B3FED7-90F7-4C4D-9693-CA48A459D23D,444,2.32
273,Comment Only,,,26,,,3,0,NA,,,0,0A670FF5-61A1-4692-A985-B0300FF9FDF1,97B3FED7-90F7-4C4D-9693-CA48A459D23D,444,2.32
274,,,,26,,,2,0,,0,,0,0A670FF5-61A1-4692-A985-B0300FF9FDF1,97B3FED7-90F7-4C4D-9693-CA48A459D23D,444,2.32
275,No,,,26,,,2,0,,0,,0,0A670FF5-61A1-4692-A985-B0300FF9FDF1,97B3FED7-90F7-4C4D-9693-CA48A459D23D,444,2.32
276,No,,,26,,,2,0,,0,,0,0A670FF5-61A1-4692-A985-B0300FF9FDF1,97B3FED7-90F7-4C4D-9693-CA48A459D23D,444,2.32
277,,,,26,,,2,0,NA,,,0,0A670FF5-61A1-4692-A985-B0300FF9FDF1,97B3FED7-90F7-4C4D-9693-CA48A459D23D,444,2.32
278,,,,26,,,2,0,NA,,,0,0A670FF5-61A1-4692-A985-B0300FF9FDF1,97B3FED7-90F7-4C4D-9693-CA48A459D23D,444,2.32
279,,,,26,,,2,0,NA,,,0,0A670FF5-61A1-4692-A985-B0300FF9FDF1,97B3FED7-90F7-4C4D-9693-CA48A459D23D,444,2.32
280,,,,26,,,2,0,NA,,,0,0A670FF5-61A1-4692-A985-B0300FF9FDF1,97B3FED7-90F7-4C4D-9693-CA48A459D23D,444,2.32
281,,,,26,,,2,0,,0,,0,0A670FF5-61A1-4692-A985-B0300FF9FDF1,97B3FED7-90F7-4C4D-9693-CA48A459D23D,444,2.32
282,,,,26,,,2,0,,0,,0,0A670FF5-61A1-4692-A985-B0300FF9FDF1,97B3FED7-90F7-4C4D-9693-CA48A459D23D,444,2.32
283,,,,26,,,2,0,NA,,,0,0A670FF5-61A1-4692-A985-B0300FF9FDF1,97B3FED7-90F7-4C4D-9693-CA48A459D23D,444,2.32
284,,,,26,,,2,0,NA,,,0,0A670FF5-61A1-4692-A985-B0300FF9FDF1,97B3FED7-90F7-4C4D-9693-CA48A459D23D,444,2.32
285,,,,26,,,2,0,NA,,,0,0A670FF5-61A1-4692-A985-B0300FF9FDF1,97B3FED7-90F7-4C4D-9693-CA48A459D23D,444,2.32
286,Yes,,,26,,,2,1,,0,,0,0A670FF5-61A1-4692-A985-B0300FF9FDF1,97B3FED7-90F7-4C4D-9693-CA48A459D23D,444,2.32
287,0.0125,,,26,,,2,0,NA,,,0,0A670FF5-61A1-4692-A985-B0300FF9FDF1,97B3FED7-90F7-4C4D-9693-CA48A459D23D,444,2.32
288,Above Racks,,,26,92,,2,0,,0,,0,0A670FF5-61A1-4692-A985-B0300FF9FDF1,97B3FED7-90F7-4C4D-9693-CA48A459D23D,444,2.32
289,,,,26,,,2,0,,0,,0,0A670FF5-61A1-4692-A985-B0300FF9FDF1,97B3FED7-90F7-4C4D-9693-CA48A459D23D,444,2.32
290,Comment Only,,,26,,,2,0,NA,,,0,0A670FF5-61A1-4692-A985-B0300FF9FDF1,97B3FED7-90F7-4C4D-9693-CA48A459D23D,444,2.32
291,Comment Only,,,26,,,2,0,NA,,,0,0A670FF5-61A1-4692-A985-B0300FF9FDF1,97B3FED7-90F7-4C4D-9693-CA48A459D23D,444,2.32
292,12.6,,,26,92,,1,1,,0,,0,0A670FF5-61A1-4692-A985-B0300FF9FDF1,97B3FED7-90F7-4C4D-9693-CA48A459D23D,444,2.32
293,208,,,26,92,,1,0,,0,,0,0A670FF5-61A1-4692-A985-B0300FF9FDF1,97B3FED7-90F7-4C4D-9693-CA48A459D23D,444,2.32
294,32,,,26,92,,1,0,NA,,,0,0A670FF5-61A1-4692-A985-B0300FF9FDF1,97B3FED7-90F7-4C4D-9693-CA48A459D23D,444,2.32
295,80,,,26,92,,1,0,NA,,,0,0A670FF5-61A1-4692-A985-B0300FF9FDF1,97B3FED7-90F7-4C4D-9693-CA48A459D23D,444,2.32
296,NEMA L6-30,,,26,92,,1,0,,0,,0,0A670FF5-61A1-4692-A985-B0300FF9FDF1,97B3FED7-90F7-4C4D-9693-CA48A459D23D,444,2.32
297,4,,,26,92,,2,0,,0,,0,0A670FF5-61A1-4692-A985-B0300FF9FDF1,97B3FED7-90F7-4C4D-9693-CA48A459D23D,444,2.32
298,21,,,26,,,1,0,NA,,,0,0A670FF5-61A1-4692-A985-B0300FF9FDF1,97B3FED7-90F7-4C4D-9693-CA48A459D23D,444,2.32
299,2100,,,26,,,2,0,NA,,,0,0A670FF5-61A1-4692-A985-B0300FF9FDF1,97B3FED7-90F7-4C4D-9693-CA48A459D23D,444,2.32
300,480,,,26,,,2,0,,0,,0,0A670FF5-61A1-4692-A985-B0300FF9FDF1,97B3FED7-90F7-4C4D-9693-CA48A459D23D,444,2.32
301,18,,,26,,,1,0,NA,,,0,0A670FF5-61A1-4692-A985-B0300FF9FDF1,97B3FED7-90F7-4C4D-9693-CA48A459D23D,444,2.32
302,No,,,26,,,3,0,,0,,0,0A670FF5-61A1-4692-A985-B0300FF9FDF1,97B3FED7-90F7-4C4D-9693-CA48A459D23D,444,2.32
303,N+1,,,26,,,1,1,,0,,0,0A670FF5-61A1-4692-A985-B0300FF9FDF1,97B3FED7-90F7-4C4D-9693-CA48A459D23D,444,2.32
304,Comment Only,,,26,,,2,0,NA,,,0,0A670FF5-61A1-4692-A985-B0300FF9FDF1,97B3FED7-90F7-4C4D-9693-CA48A459D23D,444,2.32
305,Comment Only,,,26,,,3,0,NA,,,0,0A670FF5-61A1-4692-A985-B0300FF9FDF1,97B3FED7-90F7-4C4D-9693-CA48A459D23D,444,2.32
306,Diesel Engine,,,26,,,2,0,,0,,0,0A670FF5-61A1-4692-A985-B0300FF9FDF1,97B3FED7-90F7-4C4D-9693-CA48A459D23D,444,2.32
307,Comment Only,,,26,,,2,0,NA,,,0,0A670FF5-61A1-4692-A985-B0300FF9FDF1,97B3FED7-90F7-4C4D-9693-CA48A459D23D,444,2.32
308,Yes,,,26,,,2,-1,,0,,0,0A670FF5-61A1-4692-A985-B0300FF9FDF1,97B3FED7-90F7-4C4D-9693-CA48A459D23D,444,2.32
309,Yes,,,26,,,3,1,,0,,0,0A670FF5-61A1-4692-A985-B0300FF9FDF1,97B3FED7-90F7-4C4D-9693-CA48A459D23D,444,2.32
310,Yes,,,26,,,2,1,,0,,0,0A670FF5-61A1-4692-A985-B0300FF9FDF1,97B3FED7-90F7-4C4D-9693-CA48A459D23D,444,2.32
311,Comment Only,,,26,,,2,0,NA,,,0,0A670FF5-61A1-4692-A985-B0300FF9FDF1,97B3FED7-90F7-4C4D-9693-CA48A459D23D,444,2.32
312,1,,,26,,,1,0,NA,,,0,0A670FF5-61A1-4692-A985-B0300FF9FDF1,97B3FED7-90F7-4C4D-9693-CA48A459D23D,444,2.32
313,Daily,Site is fully powered by Deisel Generators,,26,,,1,0,,0,,0,0A670FF5-61A1-4692-A985-B0300FF9FDF1,97B3FED7-90F7-4C4D-9693-CA48A459D23D,444,2.32
314,,,,26,,,2,0,,0,,0,0A670FF5-61A1-4692-A985-B0300FF9FDF1,97B3FED7-90F7-4C4D-9693-CA48A459D23D,444,2.32
315,Comment Only,,,26,,,2,0,NA,,,0,0A670FF5-61A1-4692-A985-B0300FF9FDF1,97B3FED7-90F7-4C4D-9693-CA48A459D23D,444,2.32
316,Comment Only,,,26,,,2,0,NA,,,0,0A670FF5-61A1-4692-A985-B0300FF9FDF1,97B3FED7-90F7-4C4D-9693-CA48A459D23D,444,2.32
317,,,,26,,,2,0,,0,,0,0A670FF5-61A1-4692-A985-B0300FF9FDF1,97B3FED7-90F7-4C4D-9693-CA48A459D23D,444,2.32
318,Comment Only,,,26,,,2,0,NA,,,0,0A670FF5-61A1-4692-A985-B0300FF9FDF1,97B3FED7-90F7-4C4D-9693-CA48A459D23D,444,2.32
319,No,,,26,,,2,0,,0,,0,0A670FF5-61A1-4692-A985-B0300FF9FDF1,97B3FED7-90F7-4C4D-9693-CA48A459D23D,444,2.32
320,Comment Only,,,26,,,2,0,NA,,,0,0A670FF5-61A1-4692-A985-B0300FF9FDF1,97B3FED7-90F7-4C4D-9693-CA48A459D23D,444,2.32
321,Yes,,,26,,,2,1,,0,,0,0A670FF5-61A1-4692-A985-B0300FF9FDF1,97B3FED7-90F7-4C4D-9693-CA48A459D23D,444,2.32
322,5678,,,26,,,2,0,NA,,,0,0A670FF5-61A1-4692-A985-B0300FF9FDF1,97B3FED7-90F7-4C4D-9693-CA48A459D23D,444,2.32
323,3785412,,,26,,,2,0,NA,,,0,0A670FF5-61A1-4692-A985-B0300FF9FDF1,97B3FED7-90F7-4C4D-9693-CA48A459D23D,444,2.32
324,Yes,,,26,91,,2,1,,0,,0,0A670FF5-61A1-4692-A985-B0300FF9FDF1,97B3FED7-90F7-4C4D-9693-CA48A459D23D,444,2.32
325,1500000,,,26,91,,2,0,NA,,,0,0A670FF5-61A1-4692-A985-B0300FF9FDF1,97B3FED7-90F7-4C4D-9693-CA48A459D23D,444,2.32
326,Weekly,,,26,91,,3,0,,0,,0,0A670FF5-61A1-4692-A985-B0300FF9FDF1,97B3FED7-90F7-4C4D-9693-CA48A459D23D,444,2.32
327,600,,,26,,,2,0,NA,,,0,0A670FF5-61A1-4692-A985-B0300FF9FDF1,97B3FED7-90F7-4C4D-9693-CA48A459D23D,444,2.32
328,Yes,,,26,,,2,1,,0,,0,0A670FF5-61A1-4692-A985-B0300FF9FDF1,97B3FED7-90F7-4C4D-9693-CA48A459D23D,444,2.32
329,Comment Only,"Depnding on the season, it may be up to 3 months to get additional fuel to the site.",,26,,,2,0,NA,,,0,0A670FF5-61A1-4692-A985-B0300FF9FDF1,97B3FED7-90F7-4C4D-9693-CA48A459D23D,444,2.32
330,No,,,26,,,2,0,,0,,0,0A670FF5-61A1-4692-A985-B0300FF9FDF1,97B3FED7-90F7-4C4D-9693-CA48A459D23D,444,2.32
331,Not Applicable,,,26,,,2,0,,0,,0,0A670FF5-61A1-4692-A985-B0300FF9FDF1,97B3FED7-90F7-4C4D-9693-CA48A459D23D,444,2.32
332,No,,,26,,,2,0,,0,,0,0A670FF5-61A1-4692-A985-B0300FF9FDF1,97B3FED7-90F7-4C4D-9693-CA48A459D23D,444,2.32
333,,,,26,,,2,0,,0,,0,0A670FF5-61A1-4692-A985-B0300FF9FDF1,97B3FED7-90F7-4C4D-9693-CA48A459D23D,444,2.32
334,Comment Only,,,26,,,3,0,NA,,,0,0A670FF5-61A1-4692-A985-B0300FF9FDF1,97B3FED7-90F7-4C4D-9693-CA48A459D23D,444,2.32
335,Comment Only,,,26,,,3,0,NA,,,0,0A670FF5-61A1-4692-A985-B0300FF9FDF1,97B3FED7-90F7-4C4D-9693-CA48A459D23D,444,2.32
336,Comment Only,,,26,,,3,0,NA,,,0,0A670FF5-61A1-4692-A985-B0300FF9FDF1,97B3FED7-90F7-4C4D-9693-CA48A459D23D,444,2.32
337,Comment Only,,,26,,,2,0,NA,,,0,0A670FF5-61A1-4692-A985-B0300FF9FDF1,97B3FED7-90F7-4C4D-9693-CA48A459D23D,444,2.32
338,Comment Only,,,26,,,2,0,NA,,,0,0A670FF5-61A1-4692-A985-B0300FF9FDF1,97B3FED7-90F7-4C4D-9693-CA48A459D23D,444,2.32
339,Quarterly,,,26,,,2,0,,0,,0,0A670FF5-61A1-4692-A985-B0300FF9FDF1,97B3FED7-90F7-4C4D-9693-CA48A459D23D,444,2.32
340,Comment Only,,,26,,,2,0,NA,,,0,0A670FF5-61A1-4692-A985-B0300FF9FDF1,97B3FED7-90F7-4C4D-9693-CA48A459D23D,444,2.32
341,Yes,,,27,,,2,1,,0,,0,0A670FF5-61A1-4692-A985-B0300FF9FDF1,97B3FED7-90F7-4C4D-9693-CA48A459D23D,444,2.32
342,Below the open ceiling,,,27,,,2,2,,0,,0,0A670FF5-61A1-4692-A985-B0300FF9FDF1,97B3FED7-90F7-4C4D-9693-CA48A459D23D,444,2.32
343,Below the open ceiling,,,27,,,2,2,,0,,0,0A670FF5-61A1-4692-A985-B0300FF9FDF1,97B3FED7-90F7-4C4D-9693-CA48A459D23D,444,2.32
344,No,Satellite feed,,27,,,1,0,,0,,0,0A670FF5-61A1-4692-A985-B0300FF9FDF1,97B3FED7-90F7-4C4D-9693-CA48A459D23D,444,2.32
345,1,,,27,91,,1,0,NA,,,0,0A670FF5-61A1-4692-A985-B0300FF9FDF1,97B3FED7-90F7-4C4D-9693-CA48A459D23D,444,2.32
346,,,,27,91,,1,0,,0,,0,0A670FF5-61A1-4692-A985-B0300FF9FDF1,97B3FED7-90F7-4C4D-9693-CA48A459D23D,444,2.32
347,,,,27,91,,2,0,NA,,,0,0A670FF5-61A1-4692-A985-B0300FF9FDF1,97B3FED7-90F7-4C4D-9693-CA48A459D23D,444,2.32
348,2,,,27,,,2,2,,0,,0,0A670FF5-61A1-4692-A985-B0300FF9FDF1,97B3FED7-90F7-4C4D-9693-CA48A459D23D,444,2.32
349,2,,,27,,,2,2,,0,,0,0A670FF5-61A1-4692-A985-B0300FF9FDF1,97B3FED7-90F7-4C4D-9693-CA48A459D23D,444,2.32
350,2,,,27,,,2,2,,0,,0,0A670FF5-61A1-4692-A985-B0300FF9FDF1,97B3FED7-90F7-4C4D-9693-CA48A459D23D,444,2.32
351,1,,,27,,,2,1,,0,,0,0A670FF5-61A1-4692-A985-B0300FF9FDF1,97B3FED7-90F7-4C4D-9693-CA48A459D23D,444,2.32
352,No,,,27,,,2,0,,0,,0,0A670FF5-61A1-4692-A985-B0300FF9FDF1,97B3FED7-90F7-4C4D-9693-CA48A459D23D,444,2.32
353,,,,27,,,1,0,,0,,0,0A670FF5-61A1-4692-A985-B0300FF9FDF1,97B3FED7-90F7-4C4D-9693-CA48A459D23D,444,2.32
354,1 to 2,USAP is only carrier,,27,,,1,1,,0,,0,0A670FF5-61A1-4692-A985-B0300FF9FDF1,97B3FED7-90F7-4C4D-9693-CA48A459D23D,444,2.32
355,1 to 2,USAP is only carrier,,27,,,1,1,,0,,0,0A670FF5-61A1-4692-A985-B0300FF9FDF1,97B3FED7-90F7-4C4D-9693-CA48A459D23D,444,2.32
356,No,,,27,,,3,0,,0,,0,0A670FF5-61A1-4692-A985-B0300FF9FDF1,97B3FED7-90F7-4C4D-9693-CA48A459D23D,444,2.32
357,Customer Cage,,,27,,,3,0,,0,,0,0A670FF5-61A1-4692-A985-B0300FF9FDF1,97B3FED7-90F7-4C4D-9693-CA48A459D23D,444,2.32
358,Comment Only,,,27,,,3,0,NA,,,0,0A670FF5-61A1-4692-A985-B0300FF9FDF1,97B3FED7-90F7-4C4D-9693-CA48A459D23D,444,2.32
359,,,,27,,,3,0,,0,,0,0A670FF5-61A1-4692-A985-B0300FF9FDF1,97B3FED7-90F7-4C4D-9693-CA48A459D23D,444,2.32
360,No,,,27,,,2,0,,0,,0,0A670FF5-61A1-4692-A985-B0300FF9FDF1,97B3FED7-90F7-4C4D-9693-CA48A459D23D,444,2.32
361,,,,27,92,,2,0,,0,,0,0A670FF5-61A1-4692-A985-B0300FF9FDF1,97B3FED7-90F7-4C4D-9693-CA48A459D23D,444,2.32
362,ER Optics,,,27,92,,2,0,,0,,0,0A670FF5-61A1-4692-A985-B0300FF9FDF1,97B3FED7-90F7-4C4D-9693-CA48A459D23D,444,2.32
363,24/7,During South Pole Summer Only,,28,,,1,2,,0,,0,0A670FF5-61A1-4692-A985-B0300FF9FDF1,97B3FED7-90F7-4C4D-9693-CA48A459D23D,444,2.32
364,> 6 Years,,,28,,,2,0,,0,,0,0A670FF5-61A1-4692-A985-B0300FF9FDF1,97B3FED7-90F7-4C4D-9693-CA48A459D23D,444,2.32
365,Yes,,,28,,,2,1,,0,,0,0A670FF5-61A1-4692-A985-B0300FF9FDF1,97B3FED7-90F7-4C4D-9693-CA48A459D23D,444,2.32
366,No,,,28,,,2,0,,0,,0,0A670FF5-61A1-4692-A985-B0300FF9FDF1,97B3FED7-90F7-4C4D-9693-CA48A459D23D,444,2.32
367,No,,,28,,,2,0,,0,,0,0A670FF5-61A1-4692-A985-B0300FF9FDF1,97B3FED7-90F7-4C4D-9693-CA48A459D23D,444,2.32
368,None,,,28,,,3,0,,0,,0,0A670FF5-61A1-4692-A985-B0300FF9FDF1,97B3FED7-90F7-4C4D-9693-CA48A459D23D,444,2.32
369,No,,,28,,,2,0,,0,,0,0A670FF5-61A1-4692-A985-B0300FF9FDF1,97B3FED7-90F7-4C4D-9693-CA48A459D23D,444,2.32
370,No,,,28,,,2,0,,0,,0,0A670FF5-61A1-4692-A985-B0300FF9FDF1,97B3FED7-90F7-4C4D-9693-CA48A459D23D,444,2.32
371,Yes,,,28,,,2,1,,0,,0,0A670FF5-61A1-4692-A985-B0300FF9FDF1,97B3FED7-90F7-4C4D-9693-CA48A459D23D,444,2.32
372,Yes,,,28,,,2,1,,0,,0,0A670FF5-61A1-4692-A985-B0300FF9FDF1,97B3FED7-90F7-4C4D-9693-CA48A459D23D,444,2.32
373,Yes,,,28,,,2,1,,0,,0,0A670FF5-61A1-4692-A985-B0300FF9FDF1,97B3FED7-90F7-4C4D-9693-CA48A459D23D,444,2.32
374,Yes,,,28,,,2,1,,0,,0,0A670FF5-61A1-4692-A985-B0300FF9FDF1,97B3FED7-90F7-4C4D-9693-CA48A459D23D,444,2.32
375,10 or more,Less than 5 During South Pole Summer months,,28,,,1,0,,0,,0,0A670FF5-61A1-4692-A985-B0300FF9FDF1,97B3FED7-90F7-4C4D-9693-CA48A459D23D,444,2.32
376,No,,,28,,,2,0,,0,,0,0A670FF5-61A1-4692-A985-B0300FF9FDF1,97B3FED7-90F7-4C4D-9693-CA48A459D23D,444,2.32
377,Comment Only,,,28,,,2,0,NA,,,0,0A670FF5-61A1-4692-A985-B0300FF9FDF1,97B3FED7-90F7-4C4D-9693-CA48A459D23D,444,2.32
378,Yes,,,28,,,2,1,,0,,0,0A670FF5-61A1-4692-A985-B0300FF9FDF1,97B3FED7-90F7-4C4D-9693-CA48A459D23D,444,2.32
379,No,,,28,,,2,0,,0,,0,0A670FF5-61A1-4692-A985-B0300FF9FDF1,97B3FED7-90F7-4C4D-9693-CA48A459D23D,444,2.32
380,Yes,,,28,,,2,1,,0,,0,0A670FF5-61A1-4692-A985-B0300FF9FDF1,97B3FED7-90F7-4C4D-9693-CA48A459D23D,444,2.32
381,15,,,28,,,2,0,,0,,0,0A670FF5-61A1-4692-A985-B0300FF9FDF1,97B3FED7-90F7-4C4D-9693-CA48A459D23D,444,2.32
382,No,,,28,,,2,0,,0,,0,0A670FF5-61A1-4692-A985-B0300FF9FDF1,97B3FED7-90F7-4C4D-9693-CA48A459D23D,444,2.32
383,No,,,28,,,2,0,,0,,0,0A670FF5-61A1-4692-A985-B0300FF9FDF1,97B3FED7-90F7-4C4D-9693-CA48A459D23D,444,2.32
384,No,,,28,,,2,0,,0,,0,0A670FF5-61A1-4692-A985-B0300FF9FDF1,97B3FED7-90F7-4C4D-9693-CA48A459D23D,444,2.32
385,No,,,28,,,2,1,,0,,0,0A670FF5-61A1-4692-A985-B0300FF9FDF1,97B3FED7-90F7-4C4D-9693-CA48A459D23D,444,2.32
386,No,,,28,,,2,0,,0,,0,0A670FF5-61A1-4692-A985-B0300FF9FDF1,97B3FED7-90F7-4C4D-9693-CA48A459D23D,444,2.32
387,,,,28,,,2,0,,0,,0,0A670FF5-61A1-4692-A985-B0300FF9FDF1,97B3FED7-90F7-4C4D-9693-CA48A459D23D,444,2.32
388,Comment Only,,,28,,,2,0,NA,,,0,0A670FF5-61A1-4692-A985-B0300FF9FDF1,97B3FED7-90F7-4C4D-9693-CA48A459D23D,444,2.32
389,Interior,,,28,,,2,1,,0,,0,0A670FF5-61A1-4692-A985-B0300FF9FDF1,97B3FED7-90F7-4C4D-9693-CA48A459D23D,444,2.32
390,No,,,28,,,2,0,,0,,0,0A670FF5-61A1-4692-A985-B0300FF9FDF1,97B3FED7-90F7-4C4D-9693-CA48A459D23D,444,2.32
391,Yes,,,28,,,2,1,,0,,0,0A670FF5-61A1-4692-A985-B0300FF9FDF1,97B3FED7-90F7-4C4D-9693-CA48A459D23D,444,2.32
392,No,,,28,,,2,0,,0,,0,0A670FF5-61A1-4692-A985-B0300FF9FDF1,97B3FED7-90F7-4C4D-9693-CA48A459D23D,444,2.32
393,Yes,,,28,,,2,0,,0,,0,0A670FF5-61A1-4692-A985-B0300FF9FDF1,97B3FED7-90F7-4C4D-9693-CA48A459D23D,444,2.32
394,Comment Only,"Smart hands, Loading Dock work",,28,,,2,0,NA,,,0,0A670FF5-61A1-4692-A985-B0300FF9FDF1,97B3FED7-90F7-4C4D-9693-CA48A459D23D,444,2.32
395,Comment Only,paper log forms,,28,,,2,0,NA,,,0,0A670FF5-61A1-4692-A985-B0300FF9FDF1,97B3FED7-90F7-4C4D-9693-CA48A459D23D,444,2.32
396,Comment Only,,,28,,,2,0,NA,,,0,0A670FF5-61A1-4692-A985-B0300FF9FDF1,97B3FED7-90F7-4C4D-9693-CA48A459D23D,444,2.32
397,15,,,28,,,2,0,NA,,,0,0A670FF5-61A1-4692-A985-B0300FF9FDF1,97B3FED7-90F7-4C4D-9693-CA48A459D23D,444,2.32
398,Comment Only,,,90,91,,3,0,NA,,,0,0A670FF5-61A1-4692-A985-B0300FF9FDF1,97B3FED7-90F7-4C4D-9693-CA48A459D23D,444,2.32
399,Comment Only,,,90,91,,3,0,NA,,,0,0A670FF5-61A1-4692-A985-B0300FF9FDF1,97B3FED7-90F7-4C4D-9693-CA48A459D23D,444,2.32
400,Yes,,,90,,,1,0,,0,,0,0A670FF5-61A1-4692-A985-B0300FF9FDF1,97B3FED7-90F7-4C4D-9693-CA48A459D23D,444,2.32
401,,Not Designated.  Building on an Ice Shelf,,90,,,1,0,NA,,,0,0A670FF5-61A1-4692-A985-B0300FF9FDF1,97B3FED7-90F7-4C4D-9693-CA48A459D23D,444,2.32
402,Yes,,,90,,,1,0,,0,,0,0A670FF5-61A1-4692-A985-B0300FF9FDF1,97B3FED7-90F7-4C4D-9693-CA48A459D23D,444,2.32
403,No,,,90,,,1,0,,0,,0,0A670FF5-61A1-4692-A985-B0300FF9FDF1,97B3FED7-90F7-4C4D-9693-CA48A459D23D,444,2.32
404,Yes,,,90,,,1,0,,0,,0,0A670FF5-61A1-4692-A985-B0300FF9FDF1,97B3FED7-90F7-4C4D-9693-CA48A459D23D,444,2.32
405,No,,,90,,,1,0,,0,,0,0A670FF5-61A1-4692-A985-B0300FF9FDF1,97B3FED7-90F7-4C4D-9693-CA48A459D23D,444,2.32
406,Comment Only,.5 km to Multiple Ice airstrips,,90,,,1,0,NA,,,0,0A670FF5-61A1-4692-A985-B0300FF9FDF1,97B3FED7-90F7-4C4D-9693-CA48A459D23D,444,2.32
407,Comment Only,Not Applicable,,90,,,2,0,NA,,,0,0A670FF5-61A1-4692-A985-B0300FF9FDF1,97B3FED7-90F7-4C4D-9693-CA48A459D23D,444,2.32
408,Comment Only,4 kM,,90,,,2,0,NA,,,0,0A670FF5-61A1-4692-A985-B0300FF9FDF1,97B3FED7-90F7-4C4D-9693-CA48A459D23D,444,2.32
409,Comment Only,600 Meters,,90,,,2,0,NA,,,0,0A670FF5-61A1-4692-A985-B0300FF9FDF1,97B3FED7-90F7-4C4D-9693-CA48A459D23D,444,2.32
410,Comment Only,600 Meters,,90,,,2,0,NA,,,0,0A670FF5-61A1-4692-A985-B0300FF9FDF1,97B3FED7-90F7-4C4D-9693-CA48A459D23D,444,2.32
411,No,,,90,,,2,0,,0,,0,0A670FF5-61A1-4692-A985-B0300FF9FDF1,97B3FED7-90F7-4C4D-9693-CA48A459D23D,444,2.32
412,-10,,,90,,,2,0,NA,,,0,0A670FF5-61A1-4692-A985-B0300FF9FDF1,97B3FED7-90F7-4C4D-9693-CA48A459D23D,444,2.32
413,-50,,,90,,,2,0,NA,,,0,0A670FF5-61A1-4692-A985-B0300FF9FDF1,97B3FED7-90F7-4C4D-9693-CA48A459D23D,444,2.32
414,300,,,90,,,2,0,NA,,,0,0A670FF5-61A1-4692-A985-B0300FF9FDF1,97B3FED7-90F7-4C4D-9693-CA48A459D23D,444,2.32
415,Comment Only,,,91,,,3,0,NA,,,0,0A670FF5-61A1-4692-A985-B0300FF9FDF1,97B3FED7-90F7-4C4D-9693-CA48A459D23D,444,2.32
416,Comment Only,,,91,,,3,0,NA,,,0,0A670FF5-61A1-4692-A985-B0300FF9FDF1,97B3FED7-90F7-4C4D-9693-CA48A459D23D,444,2.32
417,Comment Only,No risk,,91,,,2,0,NA,,,0,0A670FF5-61A1-4692-A985-B0300FF9FDF1,97B3FED7-90F7-4C4D-9693-CA48A459D23D,444,2.32
418,No,,,91,,,2,0,,0,,0,0A670FF5-61A1-4692-A985-B0300FF9FDF1,97B3FED7-90F7-4C4D-9693-CA48A459D23D,444,2.32
419,Comment Only,,,91,,,3,0,NA,,,0,0A670FF5-61A1-4692-A985-B0300FF9FDF1,97B3FED7-90F7-4C4D-9693-CA48A459D23D,444,2.32
420,No,,,91,,,3,0,,0,,0,0A670FF5-61A1-4692-A985-B0300FF9FDF1,97B3FED7-90F7-4C4D-9693-CA48A459D23D,444,2.32
421,No,,,91,,,2,0,,0,,0,0A670FF5-61A1-4692-A985-B0300FF9FDF1,97B3FED7-90F7-4C4D-9693-CA48A459D23D,444,2.32
422,No,,,91,,,3,0,,0,,0,0A670FF5-61A1-4692-A985-B0300FF9FDF1,97B3FED7-90F7-4C4D-9693-CA48A459D23D,444,2.32
423,Comment Only,,,91,,,3,0,NA,,,0,0A670FF5-61A1-4692-A985-B0300FF9FDF1,97B3FED7-90F7-4C4D-9693-CA48A459D23D,444,2.32
424,No,,,91,,,2,0,,0,,0,0A670FF5-61A1-4692-A985-B0300FF9FDF1,97B3FED7-90F7-4C4D-9693-CA48A459D23D,444,2.32
425,Yes,,,91,,,3,0,,0,,0,0A670FF5-61A1-4692-A985-B0300FF9FDF1,97B3FED7-90F7-4C4D-9693-CA48A459D23D,444,2.32
426,Yes,,,91,,,3,0,,0,,0,0A670FF5-61A1-4692-A985-B0300FF9FDF1,97B3FED7-90F7-4C4D-9693-CA48A459D23D,444,2.32
427,Yes,,,91,,,3,0,,0,,0,0A670FF5-61A1-4692-A985-B0300FF9FDF1,97B3FED7-90F7-4C4D-9693-CA48A459D23D,444,2.32
428,,,,91,,,3,0,,0,,0,0A670FF5-61A1-4692-A985-B0300FF9FDF1,97B3FED7-90F7-4C4D-9693-CA48A459D23D,444,2.32
429,,,,91,,,3,0,,0,,0,0A670FF5-61A1-4692-A985-B0300FF9FDF1,97B3FED7-90F7-4C4D-9693-CA48A459D23D,444,2.32
430,Comment Only,,,94,,,3,0,NA,,,0,0A670FF5-61A1-4692-A985-B0300FF9FDF1,97B3FED7-90F7-4C4D-9693-CA48A459D23D,444,2.32
431,No,,,94,,,3,0,,0,,0,0A670FF5-61A1-4692-A985-B0300FF9FDF1,97B3FED7-90F7-4C4D-9693-CA48A459D23D,444,2.32
432,Comment Only,,,94,,,3,0,NA,,,0,0A670FF5-61A1-4692-A985-B0300FF9FDF1,97B3FED7-90F7-4C4D-9693-CA48A459D23D,444,2.32
433,Yes,,,94,,,3,0,,0,,0,0A670FF5-61A1-4692-A985-B0300FF9FDF1,97B3FED7-90F7-4C4D-9693-CA48A459D23D,444,2.32
434,3808,To Christchurch NZ,,94,,,3,0,NA,,,0,0A670FF5-61A1-4692-A985-B0300FF9FDF1,97B3FED7-90F7-4C4D-9693-CA48A459D23D,444,2.32
435,Yes,,,94,,,3,0,,0,,0,0A670FF5-61A1-4692-A985-B0300FF9FDF1,97B3FED7-90F7-4C4D-9693-CA48A459D23D,444,2.32
436,Comment Only,,,94,,,3,0,NA,,,0,0A670FF5-61A1-4692-A985-B0300FF9FDF1,97B3FED7-90F7-4C4D-9693-CA48A459D23D,444,2.32
437,Comment Only,,,94,,,3,0,NA,,,0,0A670FF5-61A1-4692-A985-B0300FF9FDF1,97B3FED7-90F7-4C4D-9693-CA48A459D23D,444,2.32
438,Comment Only,,,94,,,3,0,NA,,,0,0A670FF5-61A1-4692-A985-B0300FF9FDF1,97B3FED7-90F7-4C4D-9693-CA48A459D23D,444,2.32
439,Comment Only,,,94,,,3,0,NA,,,0,0A670FF5-61A1-4692-A985-B0300FF9FDF1,97B3FED7-90F7-4C4D-9693-CA48A459D23D,444,2.32
440,Comment Only,,,94,,,3,0,NA,,,0,0A670FF5-61A1-4692-A985-B0300FF9FDF1,97B3FED7-90F7-4C4D-9693-CA48A459D23D,444,2.32
441,Comment Only,,,94,,,3,0,NA,,,0,0A670FF5-61A1-4692-A985-B0300FF9FDF1,97B3FED7-90F7-4C4D-9693-CA48A459D23D,444,2.32
442,Yes,,,94,,,3,0,,0,,0,0A670FF5-61A1-4692-A985-B0300FF9FDF1,97B3FED7-90F7-4C4D-9693-CA48A459D23D,444,2.32
443,Comment Only,,,94,,,3,0,NA,,,0,0A670FF5-61A1-4692-A985-B0300FF9FDF1,97B3FED7-90F7-4C4D-9693-CA48A459D23D,444,2.32
444,Comment Only,,,94,,,3,0,NA,,,0,0A670FF5-61A1-4692-A985-B0300FF9FDF1,97B3FED7-90F7-4C4D-9693-CA48A459D23D,444,2.32
